{"cameraMode":{"drawMode":0,"name":"Shaded","section":"Shading Mode"},"sceneLighting":false,"audioPlay":false,"sceneViewState":{"m_AlwaysRefresh":false,"showFog":true,"showSkybox":true,"showFlares":true,"showImageEffects":true,"showParticleSystems":true,"showVisualEffectGraphs":true,"m_FxEnabled":false},"in2DMode":false,"pivot":{"x":-0.014705020934343338,"y":0.033643241971731189,"z":0.15831094980239869},"rotation":{"x":-0.2408011257648468,"y":-0.029987797141075136,"z":0.007443738169968128,"w":-0.9700835943222046},"size":0.222662553191185,"orthographic":false}